Brion,82
Deena,36
Genny,95
Hermia,39
Golda,38
Olenka,31
Timmy,68
Bax,38
Templeton,38
Randa,74
Jenda,3
Amabel,25
Ruy,13
Margarete,16
Natalee,47
Leontyne,10
Whitby,100
Bartram,21
Alfy,28
Ara,43
Jacquetta,53
Gwendolen,29
Gypsy,93
Karla,85
Nedi,85
Axel,86
Emmit,32
Thibaut,82
Renelle,48
Dasya,40
Egan,79
Milo,8
Barnabas,98
Aridatha,37
Marcile,34
Gerrie,30
Carny,38
Denny,41
Brynna,60
Yettie,59
Daisi,90
Edie,54
Eddie,23
Esra,73
Lettie,67
Ellene,54
Maude,59
Jacinta,19
Allys,31
Garry,7
Cynde,5
Roxi,82
Bibby,48
Merrilee,74
Flint,64
Analise,55
Myrwyn,73
Garrett,36
Emogene,59
Mill,57
Tobit,22
Ruperta,82
Torre,89
Sada,60
Chancey,35
Roseline,92
Augusta,42
Yetta,38
Willy,27
Gerhardt,24
Sayre,63
Sheilakathryn,46
Rudolph,55
Suzi,83
Karil,69
Bailey,19
Maryann,71
Adelle,1
Berty,42
Any,51
Willi,35
Thorndike,95
Erina,20
Violet,59
Bone,94
Rudolf,48
Adina,79
Cletis,2
Martina,1
Thaddeus,75
Modestia,15
Robenia,48
Raymond,52
Milton,66
Lock,50
Garrick,83
Vinson,90
Ronalda,100
Jacquelynn,63
Jermain,14
Ashlee,29
Sisely,54
Illa,77
Nils,68
Karine,87
Perry,98
Tiphanie,51
Hasheem,26
Willey,36
Orion,44
Arty,98
Rhett,6
Janka,48
Pierce,13
Steven,16
Jamal,97
Bartholomeus,59
Giralda,61
Minna,88
Ali,15
Doll,12
Charmion,76
Faber,43
Levy,10
Alexandr,30
Wilfrid,98
Hyatt,47
Rafael,81
Agretha,37
Osbourne,84
Carolee,34
Waylan,98
Madelina,34
Corbet,56
Isak,34
Anatol,99
Eadie,81
Luigi,40
Gusti,31
Mattias,25
Cacilia,52
Verney,3
Gretel,73
Starlene,26
Jaye,60
Lorrayne,31
Luther,55
Elfrida,2
Saw,38
Chev,60
Clementine,17
Jasmina,46
Astrix,18
Malchy,93
Elicia,15
Ernesta,92
Wilbert,3
Gregoor,86
Deeyn,80
Gena,90
Rebecka,41
Katina,70
Domeniga,75
Raddie,8
Cross,12
Daron,39
Sargent,33
Carlos,98
Emily,60
Billi,68
Antons,81
Burlie,22
Howie,30
Leeanne,2
Alfred,63
Hurleigh,22
Matthieu,50
Kippar,86
Harri,56
Bird,80
Nickie,42
Fenelia,45
Werner,95
Eduardo,49
Linoel,86
Aretha,53
Maisey,70
Collette,11
Leslie,60
Ilario,51
Glennie,54
Koressa,26
Garret,78
Em,21
Enriqueta,50
Jarrod,33
Herold,97
Moselle,16
Babara,52
Felipe,77
Tye,19
Tiffie,45
Dennet,79
Valentina,92
Harvey,23
Lynnelle,69
Kay,100
Greer,10
Henderson,89
Skyler,97
Florance,96
Abeu,64
Yance,75
Buckie,56
Corry,48
Alistair,32
Marjorie,87
Emanuele,24
Christine,58
Brigg,18
Kincaid,18
Micky,29
Madel,57
Tiphany,85
Kerr,84
Caresse,44
Alfredo,58
Joycelin,77
Saudra,94
Kelwin,31
Kristine,85
Rubi,53
Grazia,66
Cirstoforo,2
Bordy,49
Nicolai,73
Davon,23
Kendrick,68
Odelle,29
Bernete,4
Hamel,80
Kelsey,58
Claudina,67
Gwenette,20
Eadmund,55
Ruprecht,2
Orton,4
Ezmeralda,36
Lennard,93
Skip,36
Alic,73
Anette,95
Jud,55
Cathee,30
Anna,22
Maurise,13
Wilton,84
Papageno,54
Xylina,37
Torie,89
Dian,76
Janean,33
Konstance,62
Shirlee,53
Seymour,18
Druci,79
Garland,6
Cristabel,62
Simone,12
Martita,74
Davin,85
Barthel,9
Cordell,22
Haze,47
Barnie,73
Winnie,100
Robby,44
Zeke,48
Xena,52
Benedetta,95
Geordie,93
Baxie,38
Virgie,58
Camey,50
Karina,92
Corney,90
Lydon,42
Norris,11
Irving,24
Bevin,21
Seka,60
Annmarie,62
Jackie,18
Sawyer,30
Brody,45
Fleming,62
Thomasina,63
Bonnibelle,64
Carlene,76
Roxane,34
Micheil,27
Constancy,43
Wait,46
Gweneth,23
Percy,65
Errick,38
Johnette,40
Cairistiona,40
Giraud,30
Cori,26
Wally,2
Andee,89
Wendel,19
Eran,52
Korie,83
Veronika,84
Richie,4
Neddy,35
Josh,43
Leisha,36
Caldwell,10
Lacee,8
Dagny,100
Barnie,21
Esma,50
Marilee,63
Dasie,80
Marlane,63
Hildy,53
Maxie,79
Dona,58
Wat,76
Abbot,75
Ardith,90
Erda,7
Ilka,29
Fawnia,80
Raynard,49
Chevalier,59
Katey,66
Rustie,34
Camel,61
Pam,88
Hilario,55
Mareah,51
Marta,64
Tynan,77
Goldy,9
Jarib,77
Renate,41
Sophia,34
Cristy,59
Dion,28
Sonnie,43
Sayers,47
Devlin,43
Jocelyn,76
Valli,32
Rosalyn,72
Beulah,90
Donny,27
Rog,80
Sarge,23
Alexio,68
Tallie,49
Conroy,83
Barbara-anne,94
Lin,15
Dillon,21
Melony,92
Ignatius,18
Jameson,67
Muffin,7
Isabelle,9
Roxy,2
Ring,76
Perla,37
Bat,15
Boone,6
Normie,17
Donica,69
Filberto,18
Thain,69
Alasdair,71
Holly,8
Lamar,24
Jule,42
Cosetta,11
Dorry,71
Sherman,7
Bud,9
Taddeo,25
Tristan,45
Dido,85
Northrup,49
Freida,31
Marven,38
Halley,21
Austin,37
Ford,44
Ferdinand,18
Lloyd,88
Olwen,92
Garry,11
Ranna,76
Hesther,62
Rachelle,84
Doralynne,52
Lorelle,95
Esdras,13
Carmita,64
Care,46
Igor,64
Rodrique,15
Bastien,5
Giustina,5
Dayna,33
Ellynn,45
Trevar,72
Lazarus,46
Cindra,86
Gnni,67
Gratiana,58
Kamilah,37
Elyn,62
Weider,50
Blancha,79
Vic,5
Robbyn,8
Ilse,67
Fair,5
Dani,9
Avigdor,65
Fedora,12
Concordia,76
Sigfrid,80
Marco,36
Joanna,84
Liana,41
Salmon,49
Thorpe,31
Karry,51
May,79
Corbie,39
Beth,71
Sigfried,49
Teressa,95
Lauryn,7
Doreen,56
Dyane,52
Farris,85
Veronike,33
Sherwin,18
Ardenia,41
Laurette,36
Benson,10
Norton,42
Brianne,30
Darlene,88
Anita,14
Sharon,2
Violette,77
Jenni,32
Patrick,87
Amitie,39
Vinnie,48
Letta,90
Aubrette,35
Scarlet,23
Paulo,95
Gwendolen,60
Crin,15
Babita,29
Francine,73
Giraldo,12
Celestine,48
Corenda,27
Enrichetta,7
Bradley,66
Felice,6
Nanon,29
Caresse,78
Becky,2
Jenn,79
Robbin,67
Virginia,13
Pennie,8
Murielle,82
Logan,80
Alisander,76
Currie,36
Hugibert,28
Kikelia,14
Starr,32
Loydie,46
Margarita,21
Jerrold,64
Lexie,12
Ambros,92
Auberta,10
Abigael,100
Margit,19
Keen,27
Courtnay,11
Sile,15
Zacherie,82
Layla,40
Karly,72
Brenda,42
Robinet,46
Tobe,72
Roth,79
Zia,56
Silvio,52
Andris,87
Warde,75
Nataniel,52
Hunt,83
Renee,84
Corny,20
Malachi,87
Brand,11
Zenia,77
Oby,42
Tate,22
Melinde,63
Geordie,18
Miguela,49
Haroun,31
Lurline,18
Tamra,13
Kinnie,97
Donelle,93
Astra,16
Tremaine,83
Gustave,20
Tarra,90
Cherilyn,36
Antonetta,75
Philippine,55
Debee,4
Stanton,14
Dyana,21
Marquita,23
Levon,26
Leroi,86
Maegan,53
Zora,20
Teodor,61
Sibelle,89
Jere,8
Mallory,75
Catlin,61
Delia,77
Aile,60
Parker,19
Shurwood,33
Brandy,50
Theodora,11
Stanford,76
Ernesta,21
Vinny,40
Karry,57
Meghan,89
Burk,25
Patton,14
Elsbeth,23
Yehudit,49
Chrisse,33
Giulietta,36
Niall,50
Sharity,50
Shirley,82
Augustine,62
Bentley,85
Cynthy,18
Allegra,21
Aleen,19
Antons,91
Bartholemy,76
Cleo,81
Ernesto,24
Dierdre,90
Lanna,19
Karola,53
Garik,97
Arthur,27
Buck,58
Cyndi,21
Creighton,96
Jud,53
Clio,10
Farlie,33
Yoshi,96
Abner,64
Lalo,52
Rainer,34
Matthiew,50
Francoise,33
Ethelda,70
Frayda,12
Rafaela,21
Tomlin,32
Marti,25
Vicki,32
Casandra,56
Kerrill,64
Elicia,82
Eudora,91
Heida,70
Jerald,75
Kathryne,59
Selina,71
Whitney,99
Paxon,95
Nap,22
Bengt,29
Willie,48
Agathe,13
Faydra,87
Quent,3
Lynelle,38
Rozalin,79
Mala,80
Basil,35
Chloris,50
Alexandre,36
Roddy,16
Samson,84
Sherill,24
Luke,91
Aubrette,35
Doralynn,42
Jedidiah,54
Morgan,65
Augusta,10
Wolfy,99
Ethyl,8
Billi,38
Allyn,71
Ginger,71
Peria,72
Edithe,16
Alejandra,98
Ely,74
Levin,70
Vladimir,78
Rania,83
Claude,48
Tabina,53
Mechelle,19
Magda,19
Alma,31
Meridel,86
Ambrosio,90
Lise,74
Conant,64
Darrell,49
Ibrahim,86
Georgi,50
Karlyn,6
Kathe,67
Molli,40
Juliet,11
Elvina,89
Georgie,92
Marion,96
Rocky,95
Cary,54
Guglielmo,10
Elisha,80
Christalle,52
Hulda,98
Ilyse,13
Edlin,71
Anet,33
Bryant,70
Evangelina,37
Iggie,92
Tiffany,84
Valene,52
Tally,72
Pearla,84
Far,76
Brod,73
Rudd,71
Mari,45
Geraldine,58
Cordi,72
Philis,68
Sherwynd,31
Kattie,83
Lonna,42
Woodman,10
Martita,92
Pancho,77
Daryl,16
Shay,32
Granger,77
Shellysheldon,95
Chantal,29
Helaina,89
Jennine,65
Cristiano,9
Lucho,81
Brendin,90
Bondy,75
Burch,1
Cathyleen,60
Jase,47
Shelli,84
Duky,92
Lynnell,7
Ynez,2
Ronnie,76
Shellysheldon,91
Asher,72
Conrade,98
Vernor,2
Tabatha,69
Gerhardt,18
Benjy,18
Stillman,37
Goran,10
Lionello,8
Koenraad,26
Clement,36
Durante,16
Christa,7
Rene,15
Tab,27
Lacey,24
Marsha,89
Blondy,79
Carolann,91
Perren,61
Amandi,26
Demetre,38
Shermy,28
Jamil,71
Danny,2
Madella,80
Brod,53
Crysta,57
Phaidra,72
Maiga,33
Bobette,5
Fredric,96
Happy,7
Jemmy,87
Munroe,88
Birk,6
Leda,90
Dagmar,87
Nessi,34
Bastien,3
Jud,42
Bertine,22
Lauritz,48
Dyan,9
Cecelia,12
Vivian,3
Maudie,48
Cicily,72
Allix,71
Darcey,82
Kit,76
Ronny,86
Kirby,43
Yehudi,71
Lynett,6
Garv,28
Adrianna,56
Madelina,84
Eimile,19
Marshal,78
Terri,17
Ashbey,42
Gerianne,73
Robbie,55
Dalis,78
Yoshi,89
Deloria,79
Izzy,23
Konstantin,26
Wynn,24
Rea,48
Rhona,92
Odilia,18
Keefe,76
Ermentrude,81
Fabien,50
Temp,95
Gustavus,92
Hulda,80
Rafaelita,64
Lorrin,95
Kristen,91
Hilliard,57
Vivianne,77
Brennen,15
Jacinda,20
Lizzy,81
Park,95
Alaine,30
Tallulah,67
Glad,23
Roddy,95
Noreen,5
Ivonne,10
Hallie,7
Ivonne,52
Georges,98
Ruddie,4
Lance,12
Lorens,25
Rafferty,5
Cherilyn,9
Easter,33
Mylo,57
Cos,96
Turner,65
Ferris,49
Brana,55
Raimundo,96
Bax,51
Collie,86
Claudianus,99
Verina,53
Dyanna,26
Connie,67
Raye,96
Melissa,87
Dorene,57
Tobye,62
Nefen,61
Aubine,64
Laurie,90
Burgess,58
Evelyn,40
Zulema,76
Sabina,39
Orsola,67
Lambert,28
Madella,62
Talbot,5
Dimitri,7
Eamon,64
Katleen,55
Janina,97
Bobbie,49
Tabbi,69
Harriot,38
Liliane,9
Silvio,21
Emlyn,4
Coral,59
Xymenes,55
Jolee,85
Fairlie,91
Diannne,37
Ofilia,89
Dionne,35
Moore,37
Payton,16
Alvina,69
Pauly,64
Brandise,8
Lorrie,53
Caspar,76
Lynea,37
Roderigo,61
Donnell,52
Gearard,57
Purcell,80
Oliviero,26
Neila,76
Tammara,6
Jeana,61
Cletis,11
Ross,97
Ram,83
Zilvia,47
Alvin,53
Edi,47
Meriel,76
Idelle,7
Spence,5
Tedra,55
Imojean,1
Lisette,65
Shir,39
Case,62
Kissee,27
Wendy,65
Clare,63
Hilda,66
Elbertine,51
Fletch,19
Gill,20
Tiffie,19
Valencia,23
Isabelle,74
Keely,51
Lynn,68
Tildie,8
Dewitt,96
Darby,22
Rafaela,18
Clarissa,46
Anallese,95
Alaric,29
Tara,78
Filip,50
Mendie,45
Sherie,53
Lanny,8
Charlean,41
Fianna,77
Jandy,93
Husein,73
Lionello,82
Bern,14
Felike,64
Renaldo,36
Annabel,50
Brennen,80
Livvyy,7
Bernice,34
Calhoun,94
Torrey,77
Iorgos,95
Wallie,85
Donnie,76
Jorie,82
Delmore,46
Georgie,86
Patrice,18
Hildegaard,80
Charmaine,68
Stephana,95
Stillman,24
Layla,95
Ivy,32
Raul,73
Janeta,13
Bernete,32
Reina,68
Maryellen,21
Orbadiah,3
Jeanne,45
Klaus,10
Jsandye,28
Luelle,73
Reider,32
Elberta,99
Gretchen,25
Lauree,48
Adrien,50
Willi,89
Clarissa,10
Tedmund,66
Lucila,48
Reggis,23
Liana,80
Alia,63
Malorie,35
Jennifer,70
Lizette,18
Sada,62
Kimmy,53
Amaleta,24
Warde,31
Rosemaria,2
Crawford,12
Boigie,73
Martyn,88
Fletcher,25
Chrisy,23
Yank,62
Maude,35
Fey,1
Zabrina,78
Rinaldo,61
Elston,32
Dot,99
Rollo,27
Cherin,4
Janet,97
Forster,26
Rodolphe,32
Addy,16
Eliot,88
Elane,14
Nicky,84
Humfried,7
Marjy,72
Stephani,18
Mario,44
Cesya,60
